9780140449334_1, Rafta
9780140449334_2, 10202512
9780140449334_3, Rafta
9780140449334_4, Rafta
9780140449334_5, Rafta
9780140449334_6, 18011010
9780140449335_1, Rafta
9780140449335_2, 23511623
9780140449335_3, Rafta
1234567891012_1, Rafta
1234567891012_2, Rafta
1234567891012_3, Rafta
1234567891012_4, Rafta
1234567891013_1, Rafta
1234567891013_2, Rafta
1234567891013_3, Rafta
3214569871012_1, Rafta
3214569871012_2, Rafta
3214569871012_3, Rafta
3214569871012_4, Rafta
1478523691234_1, Rafta
1478523691234_2, 17011015
1478523691234_3, 18011001
7669545841623_1, Rafta
7669545841623_2, Rafta
7669545841623_3, 22014099
7669545841623_4, 10202512
5134504975481_1, Rafta
5134504975481_2, Rafta
5134504975481_3, Rafta
8098255466027_1, Rafta
8098255466027_2, Rafta
8134960522237_1, Rafta
8134960522237_2, Rafta
8134960522237_3, Rafta
8134960522237_4, Rafta
9702569648130_1, Rafta
9702569648130_2, Rafta
9702569648130_3, Rafta
4054110263807_1, Rafta
4054110263807_2, Rafta
4054110263807_3, Rafta
4054110263807_4, 20012017
4054110263807_5, 18011010
4054110263807_6, Rafta
4001589630538_1, Rafta
4001589630538_2, 18011020
4001589630538_3, Rafta
4001589630538_4, Rafta
4001589630538_5, Rafta
4001589630538_6, Rafta
4001589630538_7, Rafta
0000000000000_1, 23011084
0000000000000_2, Rafta
0000000000000_3, Rafta
0000000000000_4, Rafta
0000000000000_5, Rafta
2598714271168_1, Rafta
2598714271168_2, Rafta
6567502901954_1, 22516120
6567502901954_2, Rafta
6567502901954_3, Rafta
3219022972921_1, 23511623
3219022972921_2, 25012034
3219022972921_3, Rafta
